{
  "geometry": {
    "length": [
      20.0,
      20.0,
      20.0
    ],
    "type": "slit"
  },
  "groups": [
    {
      "atomic": true,
      "cm": [
        0.0,
        0.0,
        0.0
      ],
      "compressible": false,
      "id": 0,
      "size": 1
    }
  ],
  "implicit_reservoir": [],
  "particles": [
    {
      "Q": [
        0.0,
        0.0,
        0.0,
        0.0,
        0.0,
        0.0
      ],
      "id": 0,
      "mu": [
        1.0,
        0.0,
        0.0
      ],
      "mulen": 0.0,
      "pos": [
        -6.755870464347665,
        9.21367548424617,
        8.028956098155334
      ],
      "q": -1.0,
      "scdir": [
        1.0,
        0.0,
        0.0
      ],
      "sclen": 0.0
    }
  ],
  "reactionlist": []
}