{
    "analysis": [
        {
            "Polymer Shape": {
                "molecules": {
                    "POL": {
                        "√⟨Re²⟩": 29.903264137807533,
                        "√⟨Rgxyz²⟩": [
                            7.123585234945941,
                            7.112840938871071,
                            7.119867252326358
                        ],
                        "√⟨Rg²⟩": 12.330064173067694,
                        "⟨Re²⟩/⟨Rg²⟩": 5.881749444721366,
                        "⟨Re⟩": 27.601746893223858,
                        "⟨Rg²⟩": 152.0304825119675,
                        "⟨Rg²⟩-⟨Rg⟩²": 8.29484758245195,
                        "⟨Rg⟩": 11.988979728463784
                    }
                },
                "nstep": 10,
                "samples": 100000
            }
        }
    ],
    "compiler": "8.2.0",
    "energy": [
        {
            "hamiltonian": [
                {
                    "bonded": {
                        "bondlist-intramolecular": [
                            {
                                "harmonic": {
                                    "index": [
                                        0,
                                        1
                                    ],
                                    "k": 100.0,
                                    "req": 5.0
                                }
                            },
                            {
                                "harmonic": {
                                    "index": [
                                        1,
                                        2
                                    ],
                                    "k": 100.0,
                                    "req": 5.0
                                }
                            },
                            {
                                "harmonic": {
                                    "index": [
                                        2,
                                        3
                                    ],
                                    "k": 100.0,
                                    "req": 5.0
                                }
                            },
                            {
                                "harmonic": {
                                    "index": [
                                        3,
                                        4
                                    ],
                                    "k": 100.0,
                                    "req": 5.0
                                }
                            },
                            {
                                "harmonic": {
                                    "index": [
                                        4,
                                        5
                                    ],
                                    "k": 100.0,
                                    "req": 5.0
                                }
                            },
                            {
                                "harmonic": {
                                    "index": [
                                        5,
                                        6
                                    ],
                                    "k": 100.0,
                                    "req": 5.0
                                }
                            },
                            {
                                "harmonic": {
                                    "index": [
                                        6,
                                        7
                                    ],
                                    "k": 100.0,
                                    "req": 5.0
                                }
                            },
                            {
                                "harmonic": {
                                    "index": [
                                        7,
                                        8
                                    ],
                                    "k": 100.0,
                                    "req": 5.0
                                }
                            },
                            {
                                "harmonic": {
                                    "index": [
                                        8,
                                        9
                                    ],
                                    "k": 100.0,
                                    "req": 5.0
                                }
                            },
                            {
                                "harmonic": {
                                    "index": [
                                        9,
                                        10
                                    ],
                                    "k": 100.0,
                                    "req": 5.0
                                }
                            },
                            {
                                "harmonic": {
                                    "index": [
                                        10,
                                        11
                                    ],
                                    "k": 100.0,
                                    "req": 5.0
                                }
                            },
                            {
                                "harmonic": {
                                    "index": [
                                        11,
                                        12
                                    ],
                                    "k": 100.0,
                                    "req": 5.0
                                }
                            },
                            {
                                "harmonic": {
                                    "index": [
                                        12,
                                        13
                                    ],
                                    "k": 100.0,
                                    "req": 5.0
                                }
                            },
                            {
                                "harmonic": {
                                    "index": [
                                        13,
                                        14
                                    ],
                                    "k": 100.0,
                                    "req": 5.0
                                }
                            },
                            {
                                "harmonic": {
                                    "index": [
                                        14,
                                        15
                                    ],
                                    "k": 100.0,
                                    "req": 5.0
                                }
                            },
                            {
                                "harmonic": {
                                    "index": [
                                        15,
                                        16
                                    ],
                                    "k": 100.0,
                                    "req": 5.0
                                }
                            },
                            {
                                "harmonic": {
                                    "index": [
                                        16,
                                        17
                                    ],
                                    "k": 100.0,