{
    "analysis": [
        {
            "Polymer Shape": {
                "molecules": {
                    "POL": {
                        "√⟨Re²⟩": 29.903264137807533,
                        "√⟨Rgxyz²⟩": [
                            7.123585234945941,
                            7.112840938871071,
                            7.119867252326358
                        ],
                        "√⟨Rg²⟩": 12.330064173067694,
                        "⟨Re²⟩/⟨Rg²⟩": 5.881749444721366,
                        "⟨Re⟩": 27.601746893223858,
                        "⟨Rg²⟩": 152.0304825119675,
                        "⟨Rg²⟩-⟨Rg⟩²": 8.29484758245195,
                        "⟨Rg⟩": 11.988979728463784
                    }
                }
            }
        }
    ],
    "moves": [
        {
            "transrot": {
                "acceptance": 0.211,
                "dir": [
                    1.0,
                    1.0,
                    1.0
                ],
                "molecule": "POL",
                "molid": 0,
                "relative time": 0.397,
                "relative time (without energy calc)": 0.103,
                "repeat": 100,
                "√⟨r²⟩": 0.277
            }
        },
        {
            "crankshaft": {
                "acceptance": 0.918,
                "dprot": 0.5,
                "molecule": "POL",
                "relative time": 0.236,
                "relative time (without energy calc)": 0.0128,
                "repeat": 10,
                "√⟨r_cm²⟩": 0.339
            }
        },
        {
            "pivot": {
                "acceptance": 0.971,
                "dprot": 0.5,
                "molecule": "POL",
                "relative time": 0.314,
                "relative time (without energy calc)": 0.0155,
                "repeat": 10,
                "√⟨r_cm²⟩": 0.999
            }
        }
    ],
    "number of groups": 1,
    "number of particles": 36,
    "reactionlist": null,
    "relative drift": 5.684347352774713e-14,
    "temperature": 300.0
}
