{
  "geometry": {
    "length": [
      20.0,
      20.0,
      20.0
    ],
    "type": "cuboid"
  },
  "groups": [
    {
      "atomic": false,
      "cm": [
        -3.7773643598011972,
        3.018415412222641,
        -7.279665254530444
      ],
      "compressible": false,
      "id": 0,
      "size": 4
    }
  ],
  "implicit_reservoir": [],
  "particles": [
    {
      "id": 0,
      "pos": [
        -4.570191723859922,
        2.480473729718774,
        -6.999811900451807
      ],
      "q": 0.0
    },
    {
      "id": 1,
      "pos": [
        -3.768505045332927,
        3.884383179127635,
        -6.757769409223806
      ],
      "q": 0.0
    },
    {
      "id": 2,
      "pos": [
        -2.9355514301358996,
        3.3616268317659155,
        -7.706334865295789
      ],
      "q": 0.0
    },
    {
      "id": 3,
      "pos": [
        -3.8352092398760402,
        2.34717790827824,
        -7.654744843150374
      ],
      "q": 0.0
    }
  ],
  "reactionlist": []
}